{"groups":[{"keys":"description_json,bk-dian_png,bk-p1_png,bk-p2_png,bk-sanshe_png,btn-lijixiaheishou_png,icon-emao_png,blank_gif,loading_gif,car_png,daojishi_png,left_png,n1_png,n2_png,n3_png,right_png,tt1_png,tt2_png,tt3_png,xtt1_png,xtt2_png,xtt3_png,xinfeng_png,xinzhi_png,btn-1_png,btn-2_png,btn-3_png,shou--left_png,shou--right_png,tts2_png,tts_png,dialog_png,btn-queding_png,loading2_gif","name":"preload"}],"resources":[{"url":"config/description_7278fcbf.json","type":"json","name":"description_json"},{"url":"packs0/preload-0sheet_2bde933c.json","type":"sheet","name":"preload-0sheet","subkeys":"xtt3_png,xtt2_png,xtt1_png,xinfeng_png,tts_png,tts2_png,tt3_png,tt2_png,tt1_png,shou--right_png,shou--left_png,right_png,n3_png,n2_png,n1_png,loading_gif,loading2_gif,left_png,icon-emao_png,dialog_png,daojishi_png,btn-queding_png,btn-lijixiaheishou_png,btn-3_png,btn-2_png,btn-1_png,blank_gif,bk-sanshe_png,bk-dian_png"},{"url":"packs0/preload-1sheet_53b71830.json","type":"sheet","name":"preload-1sheet","subkeys":"car_png,bk-p2_png"},{"url":"packs0/preload-2sheet_70d74fc5.json","type":"sheet","name":"preload-2sheet","subkeys":"xinzhi_png,bk-p1_png"}]}