{"frames":{"bk-sanshe_png":{"x":0,"y":0,"w":750,"h":1208,"offX":0,"offY":0,"sourceW":750,"sourceH":1208},"bk-dian_png":{"x":750,"y":0,"w":750,"h":1208,"offX":0,"offY":0,"sourceW":750,"sourceH":1208},"tts_png":{"x":0,"y":1208,"w":609,"h":631,"offX":0,"offY":0,"sourceW":609,"sourceH":631},"layer-share_png":{"x":609,"y":1208,"w":563,"h":508,"offX":0,"offY":0,"sourceW":563,"sourceH":508},"dialog_png":{"x":1172,"y":1208,"w":698,"h":367,"offX":0,"offY":0,"sourceW":698,"sourceH":367},"xinfeng_png":{"x":1172,"y":1575,"w":750,"h":341,"offX":0,"offY":0,"sourceW":750,"sourceH":341},"daojishi_png":{"x":1500,"y":0,"w":250,"h":250,"offX":0,"offY":0,"sourceW":250,"sourceH":250},"btn-lijixiaheishou_png":{"x":0,"y":1839,"w":586,"h":91,"offX":0,"offY":0,"sourceW":586,"sourceH":91},"btn-1_png":{"x":1750,"y":0,"w":276,"h":189,"offX":0,"offY":0,"sourceW":276,"sourceH":189},"right_png":{"x":1750,"y":189,"w":141,"h":366,"offX":0,"offY":0,"sourceW":141,"sourceH":366},"tt2_png":{"x":1500,"y":250,"w":170,"h":300,"offX":0,"offY":0,"sourceW":170,"sourceH":300},"tt3_png":{"x":1500,"y":550,"w":170,"h":300,"offX":0,"offY":0,"sourceW":170,"sourceH":300},"tt1_png":{"x":1670,"y":555,"w":170,"h":300,"offX":0,"offY":0,"sourceW":170,"sourceH":300},"left_png":{"x":1891,"y":189,"w":123,"h":366,"offX":0,"offY":0,"sourceW":123,"sourceH":366},"btn-queding_png":{"x":1500,"y":855,"w":491,"h":84,"offX":0,"offY":0,"sourceW":491,"sourceH":84},"icon-emao_png":{"x":1500,"y":939,"w":233,"h":141,"offX":0,"offY":0,"sourceW":233,"sourceH":141},"btn-3_png":{"x":1500,"y":1080,"w":320,"h":85,"offX":0,"offY":0,"sourceW":320,"sourceH":85},"btn-2_png":{"x":609,"y":1716,"w":321,"h":84,"offX":0,"offY":0,"sourceW":321,"sourceH":84},"shou--right_png":{"x":1840,"y":555,"w":111,"h":211,"offX":0,"offY":0,"sourceW":111,"sourceH":211},"shou--left_png":{"x":1951,"y":555,"w":86,"h":211,"offX":0,"offY":0,"sourceW":86,"sourceH":211},"loading_gif":{"x":1733,"y":939,"w":156,"h":95,"offX":0,"offY":0,"sourceW":156,"sourceH":95},"xtt3_png":{"x":1889,"y":939,"w":117,"h":125,"offX":0,"offY":0,"sourceW":117,"sourceH":125},"xtt2_png":{"x":1820,"y":1064,"w":110,"h":125,"offX":0,"offY":0,"sourceW":110,"sourceH":125},"xtt1_png":{"x":1930,"y":1064,"w":110,"h":125,"offX":0,"offY":0,"sourceW":110,"sourceH":125},"n1_png":{"x":1840,"y":766,"w":89,"h":86,"offX":0,"offY":0,"sourceW":89,"sourceH":86},"n3_png":{"x":1929,"y":766,"w":89,"h":86,"offX":0,"offY":0,"sourceW":89,"sourceH":86},"n2_png":{"x":1870,"y":1189,"w":89,"h":86,"offX":0,"offY":0,"sourceW":89,"sourceH":86},"btn-close_png":{"x":1670,"y":250,"w":60,"h":60,"offX":0,"offY":0,"sourceW":60,"sourceH":60},"blank_gif":{"x":2026,"y":0,"w":1,"h":1,"offX":0,"offY":0,"sourceW":1,"sourceH":1}},"file":"preload-0sheet_196cafbb.png"}