{"groups":[{"keys":"description_json,bk-dian_png,bk-p1_png,bk-p2_png,bk-sanshe_png,btn-lijixiaheishou_png,icon-emao_png,blank_gif,loading_gif,car_png,daojishi_png,left_png,n1_png,n2_png,n3_png,right_png,tt1_png,tt2_png,tt3_png,xtt1_png,xtt2_png,xtt3_png","name":"preload"}],"resources":[{"url":"config/description_7278fcbf.json","type":"json","name":"description_json"},{"url":"packs0/preload-0sheet_1a9cbec5.json","type":"sheet","name":"preload-0sheet","subkeys":"xtt3_png,xtt2_png,xtt1_png,tt3_png,tt2_png,tt1_png,right_png,n3_png,n2_png,n1_png,loading_gif,left_png,icon-emao_png,daojishi_png,btn-lijixiaheishou_png,blank_gif,bk-sanshe_png,bk-dian_png"},{"url":"packs0/preload-1sheet_3f1f5ce4.json","type":"sheet","name":"preload-1sheet","subkeys":"car_png,bk-p2_png"},{"url":"packs0/preload-2sheet_7596dcc1.json","type":"sheet","name":"preload-2sheet","subkeys":"bk-p1_png"}]}