{"frames":{"bk-sanshe_png":{"x":0,"y":0,"w":750,"h":1208,"offX":0,"offY":0,"sourceW":750,"sourceH":1208},"bk-dian_png":{"x":750,"y":0,"w":750,"h":1208,"offX":0,"offY":0,"sourceW":750,"sourceH":1208},"tts2_png":{"x":0,"y":1208,"w":608,"h":594,"offX":0,"offY":0,"sourceW":608,"sourceH":594},"tts_png":{"x":608,"y":1208,"w":609,"h":591,"offX":0,"offY":0,"sourceW":609,"sourceH":591},"dialog_png":{"x":1217,"y":1208,"w":698,"h":367,"offX":0,"offY":0,"sourceW":698,"sourceH":367},"xinfeng_png":{"x":1217,"y":1575,"w":750,"h":341,"offX":0,"offY":0,"sourceW":750,"sourceH":341},"daojishi_png":{"x":1500,"y":0,"w":250,"h":250,"offX":0,"offY":0,"sourceW":250,"sourceH":250},"btn-lijixiaheishou_png":{"x":608,"y":1799,"w":586,"h":91,"offX":0,"offY":0,"sourceW":586,"sourceH":91},"right_png":{"x":1750,"y":0,"w":141,"h":366,"offX":0,"offY":0,"sourceW":141,"sourceH":366},"btn-1_png":{"x":1500,"y":366,"w":275,"h":187,"offX":0,"offY":0,"sourceW":275,"sourceH":187},"left_png":{"x":1891,"y":0,"w":123,"h":366,"offX":0,"offY":0,"sourceW":123,"sourceH":366},"btn-queding_png":{"x":1500,"y":553,"w":491,"h":84,"offX":0,"offY":0,"sourceW":491,"sourceH":84},"icon-emao_png":{"x":1775,"y":366,"w":233,"h":141,"offX":0,"offY":0,"sourceW":233,"sourceH":141},"btn-2_png":{"x":1500,"y":637,"w":321,"h":84,"offX":0,"offY":0,"sourceW":321,"sourceH":84},"btn-3_png":{"x":1500,"y":721,"w":321,"h":84,"offX":0,"offY":0,"sourceW":321,"sourceH":84},"shou--right_png":{"x":1821,"y":637,"w":111,"h":211,"offX":0,"offY":0,"sourceW":111,"sourceH":211},"shou--left_png":{"x":1932,"y":637,"w":86,"h":211,"offX":0,"offY":0,"sourceW":86,"sourceH":211},"tt2_png":{"x":1500,"y":805,"w":77,"h":216,"offX":0,"offY":0,"sourceW":77,"sourceH":216},"tt3_png":{"x":1577,"y":805,"w":77,"h":216,"offX":0,"offY":0,"sourceW":77,"sourceH":216},"tt1_png":{"x":1654,"y":805,"w":77,"h":215,"offX":0,"offY":0,"sourceW":77,"sourceH":215},"loading_gif":{"x":1500,"y":250,"w":156,"h":95,"offX":0,"offY":0,"sourceW":156,"sourceH":95},"xtt3_png":{"x":1731,"y":848,"w":117,"h":125,"offX":0,"offY":0,"sourceW":117,"sourceH":125},"loading2_gif":{"x":1848,"y":848,"w":110,"h":125,"offX":0,"offY":0,"sourceW":110,"sourceH":125},"xtt1_png":{"x":1731,"y":973,"w":110,"h":125,"offX":0,"offY":0,"sourceW":110,"sourceH":125},"xtt2_png":{"x":1841,"y":973,"w":110,"h":125,"offX":0,"offY":0,"sourceW":110,"sourceH":125},"n3_png":{"x":1656,"y":250,"w":89,"h":86,"offX":0,"offY":0,"sourceW":89,"sourceH":86},"n1_png":{"x":1958,"y":848,"w":89,"h":86,"offX":0,"offY":0,"sourceW":89,"sourceH":86},"n2_png":{"x":1958,"y":934,"w":89,"h":86,"offX":0,"offY":0,"sourceW":89,"sourceH":86},"blank_gif":{"x":2014,"y":0,"w":1,"h":1,"offX":0,"offY":0,"sourceW":1,"sourceH":1}},"file":"preload-0sheet_71512363.png"}